;Unnamed: 0;model;query;prompt;answer;gpt_score;time
0;0.0;codellama/CodeLlama-7b-hf;"def check(dic, need):
                    dicSet = set(dic.keys())
                    if dicSet != need:
                        missing = need.difference(dicSet)
                        return False, missing.pop()
                    return True, None";a;b;1;2024-01-27 19:10:16.313670
1;1.0;codellama/CodeLlama-7b-Python-hf;"def check(dic, need):
                    dicSet = set(dic.keys())
                    if dicSet != need:
                        missing = need.difference(dicSet)
                        return False, missing.pop()
                    return True, None";a;b;1;2024-01-27 19:10:17.369613
2;2.0;codellama/CodeLlama-7b-Instruct-hf;"def check(dic, need):
                    dicSet = set(dic.keys())
                    if dicSet != need:
                        missing = need.difference(dicSet)
                        return False, missing.pop()
                    return True, None";a;b;1;2024-01-27 19:10:18.374192
3;;codellama/CodeLlama-7b-hf;"def check(dic, need):
                    dicSet = set(dic.keys())
                    if dicSet != need:
                        missing = need.difference(dicSet)
                        return False, missing.pop()
                    return True, None";"
Generate a docstring by the given declaration, definition (optional) and context (optional) of the function. Docstring must include detailed and extensive description of the function,it's parameters and return value. Docstring must follow accurate format:{a few sentences describing what function do}{description of each argument}{description of a return value}.Here is the body of the function, for which you will have to write a docstring: 
def check(dic, need):
            dicSet = set(dic.keys())
            if dicSet != need:
                missing = need.difference(dicSet)
                return False, missing.pop()
            return True, None
Docstring for that function:";"def check(dic, need):
    """"""
    Checks if the dictionary contains all the keys from the set.
    :param dic: dictionary to check
    :param need: set of keys to check
    :return: True if all keys are in the dictionary, False otherwise
    """"""
    dicSet = set(dic.keys())
    if dicSet != need:
        missing = need.difference(dicSet)
        return False, missing.pop()
    return True, None";1;2024-01-27 19:23:03.107718
4;;codellama/CodeLlama-7b-Python-hf;"def check(dic, need):
                    dicSet = set(dic.keys())
                    if dicSet != need:
                        missing = need.difference(dicSet)
                        return False, missing.pop()
                    return True, None";"
Generate a docstring by the given declaration, definition (optional) and context (optional) of the function. Docstring must include detailed and extensive description of the function,it's parameters and return value. Docstring must follow accurate format:{a few sentences describing what function do}{description of each argument}{description of a return value}.Here is the body of the function, for which you will have to write a docstring: 
def check(dic, need):
            dicSet = set(dic.keys())
            if dicSet != need:
                missing = need.difference(dicSet)
                return False, missing.pop()
            return True, None
Docstring for that function:";"def check(dic, need):
    """"""
    Check if the dictionary contains all the keys from the set.
    :param dic: dictionary to check
    :param need: set of keys to check
    :return: True if the dictionary contains all the keys, False otherwise
    """"""
    dicSet = set(dic.keys())
    if dicSet != need:
        missing = need.difference(dicSet)
        return False, missing.pop()
    return True, None";1;2024-01-27 19:24:38.661605
5;;codellama/CodeLlama-7b-Instruct-hf;"def check(dic, need):
                    dicSet = set(dic.keys())
                    if dicSet != need:
                        missing = need.difference(dicSet)
                        return False, missing.pop()
                    return True, None";"
Generate a docstring by the given declaration, definition (optional) and context (optional) of the function. Docstring must include detailed and extensive description of the function,it's parameters and return value. Docstring must follow accurate format:{a few sentences describing what function do}{description of each argument}{description of a return value}.Here is the body of the function, for which you will have to write a docstring: 
def check(dic, need):
            dicSet = set(dic.keys())
            if dicSet != need:
                missing = need.difference(dicSet)
                return False, missing.pop()
            return True, None
Docstring for that function:";"check(dic, need)
Checks if the dictionary dic contains all the keys from the set need.

Parameters:
dic: dictionary to check
need: set of keys to check

Returns:
True, None if all keys from need are in dic
False, missing_key if not all keys from need are in dic

Missing_key is the first key from need that is not in dic.

Example:
>>> dic = {'a': 1, 'b': 2, 'c': 3}
>>> check(dic, {'a', 'b', 'c'})
(True, None)
>>> check(dic, {'a', 'b', 'c', 'd'})
(False, 'd')
>>> check(dic, {'a', 'b', 'd'})
(False, 'd')
>>> check(dic, {'";1;2024-01-27 19:26:26.424859
